node_1,node_2,runs_in_top20,taxon_1,taxon_2,mean,std
100,167,5,Trochidae,Detritus complex,0.7558888731027877,0.053979542038721295
123,167,5,Katharina tunicata,Detritus complex,0.7000864495360792,0.03713852229691993
79,167,4,Lottia digitalis,Detritus complex,0.6644716179112311,0.04195833650404456
80,167,4,Lottia pelta,Detritus complex,0.6644716179112311,0.04195833650404456
122,167,4,Tonicella,Detritus complex,0.6575294502989957,0.03468679366554983
63,130,4,Bacillariophyta,Tresus,0.6498022897730497,0.032237613714660183
63,128,4,Bacillariophyta,Pododesmus,0.6497276350511385,0.032374571437650955
149,187,3,Gammaridea,Histrionicus histrionicus,0.7233585151173314,0.13499126371964051
63,125,3,Bacillariophyta,Cryptochiton stelleri,0.6640858925255058,0.041442249016704076
125,167,3,Cryptochiton stelleri,Detritus complex,0.6640858925255058,0.041442249016704076
63,99,3,Bacillariophyta,Acmaea mitra,0.6557531679532312,0.033401475101144565
99,167,3,Acmaea mitra,Detritus complex,0.6557531679532312,0.033401475101144565
63,134,3,Bacillariophyta,Protothaca staminea,0.6497276350511385,0.032374571437650955
63,135,3,Bacillariophyta,Hiatellidae,0.6495469141377626,0.03270726590981917
63,136,3,Bacillariophyta,Entodesma,0.6491927428333819,0.031693837744919774
63,78,3,Bacillariophyta,Pharidae,0.6484199855906254,0.034628719082620024
56,63,3,Homo sapiens,Bacillariophyta,0.6430999598486851,0.01772712070364267
63,211,3,Bacillariophyta,Larus glaucescens,0.6430999598486851,0.01772712070364267
33,56,3,Leptasterias,Homo sapiens,0.6247173516357529,0.03471471023173285
32,56,3,Evasterias troschelii,Homo sapiens,0.6239489625780021,0.03343574456545652
32,160,3,Evasterias troschelii,Cancer,0.6239489625780021,0.03343574456545652
66,149,3,Foraminiferida,Gammaridea,0.6089346924514716,0.14766891426275652
63,127,2,Bacillariophyta,Modiolus,0.6497276350511385,0.032374571437650955
63,133,2,Bacillariophyta,Saxidomus,0.6497276350511385,0.032374571437650955
26,63,2,Terebratalia transversa,Bacillariophyta,0.6477622767101772,0.03423995302263052
63,104,2,Bacillariophyta,Trichotropis cancellata,0.6412292568893021,0.029545208847948933
35,56,2,Pycnopodia helianthoides,Homo sapiens,0.6247173516357529,0.03471471023173285
57,211,2,Enhydra lutris,Larus glaucescens,0.6247173516357529,0.03471471023173285
63,139,2,Bacillariophyta,Ostracoda,0.5873034802900587,0.06403674232466071
25,149,2,Gymnolaemata,Gammaridea,0.5663325715463621,0.1454857625713277
63,131,1,Bacillariophyta,Mactromeris,0.6477096962242633,0.030551586056220686
63,159,1,Bacillariophyta,Telmessus cheiragonus,0.6409051760318718,0.03720918481167519
159,167,1,Telmessus cheiragonus,Detritus complex,0.6409051760318718,0.03720918481167519
63,141,1,Bacillariophyta,Chthamalus dalli,0.580818428382677,0.08142887140272799
61,63,1,Bacteria,Bacillariophyta,0.5591974838052135,0.0835972863715356
61,167,1,Bacteria,Detritus complex,0.5591974838052135,0.0835972863715356
68,167,1,Ciliophora,Detritus complex,0.5561504498603881,0.08456579275183425
63,138,1,Bacillariophyta,Pycnogonida,0.5511441053542139,0.08287025682974496
161,167,1,Dinophyceae,Detritus complex,0.5080945358995752,0.11733431444826763
