rank,run_1_link,run_1_reliability,run_2_link,run_2_reliability,run_3_link,run_3_reliability,run_4_link,run_4_reliability,run_5_link,run_5_reliability
1,Gammaridea — Histrionicus histrionicus,0.8256410401299724,Trochidae — Detritus complex,0.7960074859638172,Trochidae — Detritus complex,0.8133232016210742,Gammaridea — Histrionicus histrionicus,0.8127950463308863,Gammaridea — Histrionicus histrionicus,0.8240728376370784
2,Trochidae — Detritus complex,0.7707482993197292,Katharina tunicata — Detritus complex,0.6798474451312877,Leptasterias — Homo sapiens,0.6716280667939616,Foraminiferida — Gammaridea,0.7027157640128342,Foraminiferida — Gammaridea,0.7377360734503582
3,Katharina tunicata — Detritus complex,0.7589717425431726,Bacillariophyta — Tresus,0.6508935265455571,Pycnopodia helianthoides — Homo sapiens,0.6716280667939616,Gymnolaemata — Gammaridea,0.7027157640128342,Lottia pelta — Detritus complex,0.7098779309105745
4,Foraminiferida — Gammaridea,0.7064547484310867,Bacillariophyta — Telmessus cheiragonus,0.6508935265455571,Enhydra lutris — Larus glaucescens,0.6716280667939616,Cryptochiton stelleri — Detritus complex,0.6894874476987439,Lottia digitalis — Detritus complex,0.7098779309105745
5,Gymnolaemata — Gammaridea,0.7064547484310867,Bacillariophyta — Entodesma,0.6508935265455571,Bacillariophyta — Larus glaucescens,0.6680851063829794,Lottia pelta — Detritus complex,0.6894874476987439,Katharina tunicata — Detritus complex,0.7098779309105745
6,Bacillariophyta — Protothaca staminea,0.6834122329555629,Bacillariophyta — Saxidomus,0.6508935265455571,Homo sapiens — Bacillariophyta,0.6680851063829794,Lottia digitalis — Detritus complex,0.6894874476987439,Trochidae — Detritus complex,0.7098779309105745
7,Bacillariophyta — Tresus,0.6834122329555629,Telmessus cheiragonus — Detritus complex,0.6508935265455571,Evasterias troschelii — Cancer,0.6677861215052077,Bacillariophyta — Cryptochiton stelleri,0.6894874476987439,Bacillariophyta — Cryptochiton stelleri,0.7079493039819478
8,Bacillariophyta — Pododesmus,0.6834122329555629,Bacillariophyta — Mactromeris,0.6508935265455571,Evasterias troschelii — Homo sapiens,0.6677861215052077,Trochidae — Detritus complex,0.6894874476987439,Cryptochiton stelleri — Detritus complex,0.7079493039819478
9,Bacillariophyta — Modiolus,0.6834122329555629,Bacillariophyta — Modiolus,0.6508935265455571,Katharina tunicata — Detritus complex,0.6622476813966175,Katharina tunicata — Detritus complex,0.6894874476987439,Bacteria — Detritus complex,0.6906607014780094
10,Bacillariophyta — Hiatellidae,0.6834122329555629,Bacillariophyta — Trichotropis cancellata,0.6508935265455571,Bacillariophyta — Ostracoda,0.6511819289040813,Tonicella — Detritus complex,0.6878739550392263,Ciliophora — Detritus complex,0.6906607014780094
11,Terebratalia transversa — Bacillariophyta,0.6834122329555629,Bacillariophyta — Protothaca staminea,0.6508935265455571,Acmaea mitra — Detritus complex,0.6443453584379745,Bacillariophyta — Acmaea mitra,0.6858955099199772,Dinophyceae — Detritus complex,0.6906607014780094
12,Bacillariophyta — Saxidomus,0.6834122329555629,Bacillariophyta — Pododesmus,0.6508935265455571,Bacillariophyta — Cryptochiton stelleri,0.6443453584379745,Acmaea mitra — Detritus complex,0.6858955099199772,Bacteria — Bacillariophyta,0.6906607014780094
13,Bacillariophyta — Pharidae,0.6834122329555629,Bacillariophyta — Hiatellidae,0.6508935265455571,Bacillariophyta — Acmaea mitra,0.6443453584379745,Bacillariophyta — Larus glaucescens,0.6453974895397484,Bacillariophyta — Pycnogonida,0.6846649389032995
14,Bacillariophyta — Trichotropis cancellata,0.6834122329555629,Bacillariophyta — Pharidae,0.6504188730426143,Lottia digitalis — Detritus complex,0.6443453584379745,Homo sapiens — Bacillariophyta,0.6453974895397484,Tonicella — Detritus complex,0.6767805855089147
15,Bacillariophyta — Entodesma,0.6807377718667795,Bacillariophyta — Larus glaucescens,0.649890829694324,Lottia pelta — Detritus complex,0.6443453584379745,Evasterias troschelii — Cancer,0.6425855759524371,Bacillariophyta — Protothaca staminea,0.6749703652096487
16,Lottia digitalis — Detritus complex,0.6759609438180881,Homo sapiens — Bacillariophyta,0.649890829694324,Tonicella — Detritus complex,0.6443453584379745,Pycnopodia helianthoides — Homo sapiens,0.6425855759524371,Bacillariophyta — Pharidae,0.6749703652096487
17,Lottia pelta — Detritus complex,0.6759609438180881,Terebratalia transversa — Bacillariophyta,0.6461043976096805,Cryptochiton stelleri — Detritus complex,0.6443453584379745,Leptasterias — Homo sapiens,0.6425855759524371,Bacillariophyta — Pododesmus,0.6749703652096487
18,Bacillariophyta — Acmaea mitra,0.6759609438180881,Evasterias troschelii — Homo sapiens,0.6272371005995445,Bacillariophyta — Chthamalus dalli,0.6148382908077643,Enhydra lutris — Larus glaucescens,0.6425855759524371,Bacillariophyta — Entodesma,0.6749703652096487
19,Acmaea mitra — Detritus complex,0.6759609438180881,Evasterias troschelii — Cancer,0.6272371005995445,Bacillariophyta — Tresus,0.6025379191206734,Evasterias troschelii — Homo sapiens,0.6425855759524371,Bacillariophyta — Hiatellidae,0.6749703652096487
20,Tonicella — Detritus complex,0.6759609438180881,Leptasterias — Homo sapiens,0.6272371005995445,Bacillariophyta — Pododesmus,0.6021646455111176,Bacillariophyta — Ostracoda,0.6387077590006464,Bacillariophyta — Tresus,0.6749703652096487
